{"cameraMode":{"drawMode":0,"name":"Shaded","section":"Shading Mode"},"sceneLighting":true,"audioPlay":false,"sceneViewState":{"showFog":true,"showMaterialUpdate":false,"showSkybox":true,"showFlares":true,"showImageEffects":true,"showParticleSystems":true},"in2DMode":false,"pivot":{"x":761.40087890625,"y":-313.66357421875,"z":311.333251953125},"rotation":{"x":0.04023325815796852,"y":0.3084087073802948,"z":-0.013057317584753037,"w":0.9503130316734314},"size":321.16839599609377,"orthographic":false}